itemId,name,level,ilevel,jobs,MId,shieldSize,scriptType,slot,rslot,su_level,model_id
19943,accipiter,99,"0",1024,37,"0","0",4,"0","0",32805
21243,ahkormaar_bow,99,100,1024,35,"0","0",4,"0","0",32803
21244,ahkormaar_bow_+1,99,101,1024,35,"0","0",4,"0","0",32803
19738,aifes_bow,94,"0",1024,37,"0","0",4,"0","0",32805
19945,aithon,99,"0",66560,60,"0","0",4,"0","0",32828
22109,ajja_bow,99,119,7665,38,"0","0",4,"0","0",32806
21233,ajjub_bow,99,115,1024,119,"0","0",4,"0","0",32887
21390,albin_bane,99,119,299040,27,"0","0",4,"0","0",32795
19770,aliyat_chakram,95,"0",299040,26,"0","0",4,"0","0",32794
17211,almogavar_bow,20,"0",1185,53,"0","0",4,"0","0",32821
21455,alternator,99,113,131072,"0","0","0",4,"0","0",32768
19215,amanokakoyumi,69,"0",3072,31,"0","0",4,"0","0",32799
19263,amazon_bow,77,"0",1024,32,"0","0",4,"0","0",32800
19264,amazon_bow_+1,77,"0",1024,32,"0","0",4,"0","0",32800
18940,anarchy,80,"0",66560,58,"0","0",4,"0","0",32826
19533,anarchy_+1,85,"0",66560,58,"0","0",4,"0","0",32826
19611,anarchy_+2,90,"0",66560,58,"0","0",4,"0","0",32826
19709,anarchy_+3,95,"0",66560,58,"0","0",4,"0","0",32826
17350,angels_flute,48,"0",512,67,"0","0",4,"0","0",32835
17378,angels_flute_+1,48,"0",512,67,"0","0",4,"0","0",32835
17840,angel_lyre,71,"0",512,76,"0","0",4,"0","0",32844
17859,animator,1,"0",4194303,"0","0","0",4,"0","0",32768
17857,animator_+1,71,"0",131072,"0","0","0",4,"0","0",32768
21456,animator_p,99,119,131072,"0","0","0",4,"0",2,32768
21457,animator_p_+1,99,119,131072,"0","0","0",4,"0",2,32768
21458,animator_p_ii,99,119,131072,"0","0","0",4,"0",2,32768
21459,animator_p_ii_+1,99,119,131072,"0","0","0",4,"0",2,32768
21392,animator_z,99,119,131072,"0","0","0",4,"0",1,32768
18336,annihilator,75,"0",1024,85,"0",1,4,"0","0",32853
18337,annihilator,80,"0",1024,85,"0",1,4,"0","0",32853
18649,annihilator,85,"0",1024,85,"0",1,4,"0","0",32853
18663,annihilator,90,"0",1024,85,"0",1,4,"0","0",32853
18677,annihilator,95,"0",1024,85,"0",1,4,"0","0",32853
19758,annihilator,99,"0",1024,85,"0",1,4,"0","0",32853
19851,annihilator,99,"0",1024,103,"0",1,4,"0","0",32871
21260,annihilator,99,119,1024,85,"0",1,4,"0","0",32853
21261,annihilator,99,119,1024,103,"0",1,4,"0","0",32871
21267,annihilator,99,119,1024,103,"0",1,4,"0","0",32871
22140,annihilator,99,119,1024,103,"0",1,4,"0","0",32871
22266,antitail,99,119,1057,24,"0","0",4,"0","0",32792
22267,antitail_+1,99,119,1057,24,"0","0",4,"0","0",32792
18832,apollos_flute,83,"0",512,64,"0","0",4,"0","0",32832
22122,arasy_bow,99,119,1024,32,"0","0",4,"0",1,32800
22123,arasy_bow_+1,99,119,1024,32,"0","0",4,"0",1,32800
22135,arasy_gun,99,119,66560,58,"0","0",4,"0",1,32826
22136,arasy_gun_+1,99,119,66560,58,"0","0",4,"0",1,32826
17219,arbalest,50,"0",1185,54,"0","0",4,"0","0",32822
17226,arbalest_+1,50,"0",1185,54,"0","0",4,"0","0",32822
17165,arco_de_velocidad,71,"0",7665,48,"0","0",4,"0","0",32816
22148,arke_crossbow,99,119,1024,52,"0","0",4,"0",4,32820
19410,armageddon,80,"0",66560,99,"0","0",4,"0","0",32867
19469,armageddon,85,"0",66560,99,"0",1,4,"0","0",32867
19547,armageddon,90,"0",66560,99,"0",1,4,"0","0",32867
19645,armageddon,95,"0",66560,99,"0",1,4,"0","0",32867
19818,armageddon,99,"0",66560,99,"0",1,4,"0","0",32867
19866,armageddon,99,"0",66560,109,"0",1,4,"0","0",32877
21264,armageddon,99,119,66560,99,"0",1,4,"0","0",32867
21265,armageddon,99,119,66560,109,"0",1,4,"0","0",32877
21269,armageddon,99,119,66560,109,"0",1,4,"0","0",32877
22142,armageddon,99,119,66560,109,"0",1,4,"0","0",32877
17235,armbrust,58,"0",1185,62,"0","0",4,"0","0",32830
17248,arquebus,22,"0",1024,59,"0","0",4,"0","0",32827
17254,arquebus_+1,22,"0",1024,59,"0","0",4,"0","0",32827
22124,artemiss_bow,1,"0",4194303,138,"0","0",4,"0","0",32906
22132,artemiss_bow_+1,1,"0",4194303,138,"0","0",4,"0","0",32906
22145,artemiss_bow_+2,99,119,1024,138,"0","0",4,"0","0",32906
17184,assassins_bow,29,"0",1024,43,"0","0",4,"0","0",32811
19389,astrild,75,"0",1024,35,"0","0",4,"0","0",32803
19947,ataktos,99,"0",66560,58,"0","0",4,"0","0",32826
21477,atalanta,99,119,1024,61,"0","0",4,"0","0",32829
21253,atetepeyorg,99,115,1024,114,"0","0",4,"0","0",32882
18245,aureole,75,"0",4194303,26,"0","0",4,8,"0",32794
19192,awildas_gun,84,"0",65536,94,"0","0",4,"0","0",32862
17389,bamboo_fish._rod,1,"0",4194303,7,"0","0",4,"0","0",32775
21292,bandeiras_gun,99,100,66560,57,"0","0",4,"0","0",32825
21293,bandeiras_gun_+1,99,101,66560,57,"0","0",4,"0","0",32825
17257,bandits_gun,15,"0",70688,60,"0","0",4,"0","0",32828
17258,bandits_gun_+1,15,"0",70688,60,"0","0",4,"0","0",32828
17238,bas._crossbow,15,"0",1185,56,"0","0",4,"0","0",32824
19217,basilisk,69,"0",66560,58,"0","0",4,"0","0",32826
18935,bateleur,80,"0",1024,34,"0","0",4,"0","0",32802
19528,bateleur_+1,85,"0",1024,34,"0","0",4,"0","0",32802
19606,bateleur_+2,90,"0",1024,34,"0","0",4,"0","0",32802
19704,bateleur_+3,95,"0",1024,34,"0","0",4,"0","0",32802
17163,battle_bow,40,"0",3265,35,"0","0",4,"0","0",32803
17181,battle_bow_+1,40,"0",3265,35,"0","0",4,"0","0",32803
18937,bedlam,80,"0",66560,57,"0","0",4,"0","0",32825
19530,bedlam_+1,85,"0",66560,57,"0","0",4,"0","0",32825
19608,bedlam_+2,90,"0",66560,57,"0","0",4,"0","0",32825
19706,bedlam_+3,95,"0",66560,57,"0","0",4,"0","0",32825
21368,bestas_bane,99,119,299040,27,"0","0",4,"0","0",32795
19733,beursault_bow,87,"0",3265,33,"0","0",4,"0","0",32801
19734,beursault_bow_+1,87,"0",3265,33,"0","0",4,"0","0",32801
19393,blue_steel,75,"0",66560,60,"0","0",4,"0","0",32828
19226,blunderbuss,61,"0",70688,58,"0","0",4,"0","0",32826
19227,blunderbuss_+1,61,"0",70688,58,"0","0",4,"0","0",32826
21217,blurred_bow,99,119,1024,129,"0","0",4,"0",2,32897
21218,blurred_bow_+1,99,119,1024,129,"0","0",4,"0",2,32897
21481,blurred_cross._+1,99,119,1024,130,"0","0",4,"0",2,32898
21480,blurred_crossbow,99,119,1024,130,"0","0",4,"0",2,32898
21400,blurred_harp,99,"0",512,131,"0","0",4,"0",2,32899
21401,blurred_harp_+1,99,"0",512,131,"0","0",4,"0",2,32899
21242,bocluamni,99,105,1024,101,"0","0",4,"0","0",32869
21236,bocluamni_+1,99,113,1024,101,"0","0",4,"0","0",32869
21230,bocluamni_+2,99,119,1024,101,"0","0",4,"0","0",32869
17280,boomerang,14,"0",1057,25,"0","0",4,8,"0",32793
17287,boomerang_+1,14,"0",1057,25,"0","0",4,8,"0",32793
18144,bow_of_trials,71,"0",1024,50,"0","0",4,"0","0",32818
21221,brahmastra,99,119,1024,50,"0","0",4,"0","0",32818
21235,cama._bow,99,109,1024,118,"0","0",4,"0","0",32886
21254,cama._bowgun,99,109,1024,53,"0","0",4,"0","0",32821
21285,cama._gun,99,109,66560,58,"0","0",4,"0","0",32826
21408,cama._harp,99,"0",512,81,"0","0",4,"0","0",32849
18833,cantabanks_horn,82,"0",512,68,"0","0",4,"0","0",32836
17384,carbon_fish._rod,1,"0",4194303,4,"0","0",4,"0","0",32772
19736,cecchin._fucile_+1,87,"0",66560,60,"0","0",4,"0","0",32828
19735,cecchinos_fucile,87,"0",66560,60,"0","0",4,"0","0",32828
18695,cerberus_bow,75,"0",3265,32,"0","0",4,"0","0",32800
18701,cerberus_bow_+1,75,"0",3265,32,"0","0",4,"0","0",32800
17284,chakram,28,"0",299040,27,"0","0",4,8,"0",32795
17289,chakram_+1,28,"0",299040,27,"0","0",4,8,"0",32795
21229,cibitshavore,99,119,3072,34,"0","0",4,"0","0",32802
19940,circinae,99,"0",1024,32,"0","0",4,"0","0",32800
21234,circinae_-1,99,"0",1024,32,"0","0",4,"0","0",32800
17383,clothespole,1,"0",4194303,3,"0","0",4,"0","0",32771
18132,cmb.cst.bmrng_+1,43,"0",1057,24,"0","0",4,8,"0",32792
18133,cmb.cst.bmrng_+2,43,"0",1057,24,"0","0",4,8,"0",32792
17282,cmb.cst._bmerang,40,"0",1057,24,"0","0",4,8,"0",32792
21241,coalition_bow,99,100,1024,115,"0","0",4,"0","0",32883
17290,coarse_boomerang,6,"0",1057,25,"0","0",4,8,"0",32793
18728,cobra_bow,71,"0",3265,35,"0","0",4,"0","0",32803
17275,coffinmaker,72,"0",70688,83,"0","0",4,"0","0",32851
17294,comet_tail,55,"0",1057,24,"0","0",4,8,"0",32792
17381,comp._fishing_rod,1,"0",4194303,1,"0","0",4,"0","0",32769
21482,compensator,99,119,65536,"0","0","0",4,"0","0",32768
17155,composite_bow,36,"0",7665,48,"0","0",4,"0","0",32816
17179,composite_bow_+1,36,"0",7665,48,"0","0",4,"0","0",32816
18934,condor,80,"0",1024,40,"0","0",4,"0","0",32808
19527,condor_+1,85,"0",1024,40,"0","0",4,"0","0",32808
19605,condor_+2,90,"0",1024,40,"0","0",4,"0","0",32808
19703,condor_+3,95,"0",1024,40,"0","0",4,"0","0",32808
17344,cornette,4,"0",512,69,"0","0",4,"0","0",32837
17369,cornette_+1,4,"0",512,69,"0","0",4,"0","0",32837
17846,cornette_+2,4,"0",512,69,"0","0",4,"0","0",32837
17262,corsairs_gun,75,"0",66560,60,"0","0",4,"0","0",32828
17263,corsairs_gun_+1,75,"0",66560,60,"0","0",4,"0","0",32828
17854,cradle_horn,70,"0",512,69,"0","0",4,"0","0",32837
18831,crooners_cithara,85,"0",512,81,"0","0",4,"0","0",32849
17217,crossbow,12,"0",1185,53,"0","0",4,"0","0",32821
17225,crossbow_+1,12,"0",1185,53,"0","0",4,"0","0",32821
17361,crumhorn,56,"0",512,70,"0","0",4,"0","0",32838
17377,crumhorn_+1,56,"0",512,70,"0","0",4,"0","0",32838
17847,crumhorn_+2,56,"0",512,70,"0","0",4,"0","0",32838
17252,culverin,73,"0",1056,63,"0","0",4,"0","0",32831
18147,culverin_+1,73,"0",1056,63,"0","0",4,"0","0",32831
17837,cyt._anglica_+1,75,"0",512,81,"0","0",4,"0","0",32849
17364,cythara_anglica,75,"0",512,81,"0","0",4,"0","0",32849
21402,damani_horn,99,"0",512,68,"0","0",4,"0","0",32836
21403,damani_horn_+1,99,"0",512,68,"0","0",4,"0","0",32836
18704,darksteel_hexagun,36,"0",65536,92,"0","0",4,"0","0",32860
19265,darkwing,77,"0",1185,52,"0","0",4,"0","0",32820
19266,darkwing_+1,77,"0",1185,52,"0","0",4,"0","0",32820
18571,daurdabla,99,"0",512,100,"0","0",4,"0","0",32868
18574,daurdabla,85,"0",512,100,"0","0",4,"0","0",32868
18575,daurdabla,90,"0",512,100,"0","0",4,"0","0",32868
18576,daurdabla,95,"0",512,100,"0","0",4,"0","0",32868
18839,daurdabla,99,"0",512,110,"0","0",4,"0","0",32878
21278,deathlocke,99,119,65536,93,"0","0",4,"0","0",32861
18231,death_chakram,61,"0",32768,27,"0","0",4,8,"0",32795
18987,death_penalty,75,"0",65536,95,"0","0",4,"0","0",32863
19007,death_penalty,75,"0",65536,95,"0",1,4,"0","0",32863
19076,death_penalty,80,"0",65536,95,"0",1,4,"0","0",32863
19096,death_penalty,85,"0",65536,95,"0",1,4,"0","0",32863
19628,death_penalty,90,"0",65536,95,"0",1,4,"0","0",32863
19726,death_penalty,95,"0",65536,95,"0",1,4,"0","0",32863
19835,death_penalty,99,"0",65536,95,"0",1,4,"0","0",32863
19964,death_penalty,99,"0",65536,107,"0",1,4,"0","0",32875
21262,death_penalty,99,119,65536,95,"0",1,4,"0","0",32863
21263,death_penalty,99,119,65536,107,"0",1,4,"0","0",32875
21268,death_penalty,99,119,65536,107,"0",1,4,"0","0",32875
22141,death_penalty,99,119,65536,107,"0",1,4,"0","0",32875
21280,decazoom_mk-xi,1,"0",4194303,120,"0","0",4,"0","0",32888
17923,deluxe_animator,87,"0",131072,"0","0","0",4,"0","0",32768
17274,deluxe_carbine,46,"0",70688,58,"0","0",4,"0","0",32826
21452,divinator,99,119,131072,"0","0","0",4,"0","0",32768
22261,divinator_ii,99,119,131072,"0","0","0",4,"0","0",32768
21274,donar_gun,99,119,70688,57,"0","0",4,"0","0",32825
21289,donderbuss,99,117,66560,60,"0","0",4,"0","0",32828
21290,donderbuss_+1,99,118,66560,60,"0","0",4,"0","0",32828
21476,doomsday,99,119,66560,123,"0","0",4,"0","0",32891
19395,dragonmaw,75,"0",66560,60,"0","0",4,"0","0",32828
18705,dst._hexagun_+1,36,"0",65536,92,"0","0",4,"0","0",32860
21372,dunna,99,"0",1048576,121,"0","0",4,"0","0",32889
18346,dynamis_bow,75,"0",3072,35,"0","0",4,"0","0",32803
18334,dynamis_gun,75,"0",1024,58,"0","0",4,"0","0",32826
18340,dynamis_horn,75,"0",512,70,"0","0",4,"0","0",32838
22260,e._animator_ii,99,115,131072,"0","0","0",4,"0","0",32768
19321,ebisu_f._rod_+1,1,"0",4194303,32783,"0","0",4,"0","0",65551
17011,ebisu_fishing_rod,1,"0",4194303,13,"0","0",4,"0","0",32781
17357,ebony_harp,60,"0",512,72,"0","0",4,"0","0",32840
17833,ebony_harp_+1,60,"0",512,72,"0","0",4,"0","0",32840
17848,ebony_harp_+2,60,"0",512,72,"0","0",4,"0","0",32840
21239,echidnas_bow,99,117,1024,32,"0","0",4,"0","0",32800
21240,echidnas_bow_+1,99,118,1024,32,"0","0",4,"0","0",32800
22110,eletta_bow,99,119,7665,51,"0","0",4,"0","0",32819
21453,em._animator,99,115,131072,"0","0","0",4,"0","0",32768
21251,em._crossbow,99,117,1024,53,"0","0",4,"0","0",32821
21462,eminent_bell,99,"0",1048576,113,"0","0",4,"0","0",32881
21231,eminent_bow,99,117,1024,37,"0","0",4,"0","0",32805
21405,eminent_flute,99,"0",512,67,"0","0",4,"0","0",32835
21281,eminent_gun,99,117,66560,57,"0","0",4,"0","0",32825
19946,erra,99,"0",66560,59,"0","0",4,"0","0",32827
17187,eurytos_bow,55,"0",1024,33,"0","0",4,"0","0",32801
22125,exalted_bow,99,119,7665,41,"0","0",4,"0",2,32809
22126,exalted_bow_+1,99,119,7665,41,"0","0",4,"0",2,32809
22137,exalted_c.bow,99,119,1185,62,"0","0",4,"0",2,32830
22138,exalted_c.bow_+1,99,119,1185,62,"0","0",4,"0",2,32830
19191,exequy_gun,85,"0",66560,58,"0","0",4,"0","0",32826
17207,expunger,72,"0",7665,45,"0","0",4,"0","0",32813
21454,f._animator,99,106,131072,"0","0","0",4,"0","0",32768
17349,faerie_piccolo,36,"0",512,67,"0","0",4,"0","0",32835
22117,fail-not,99,119,1024,133,"0","0",4,"0","0",32901
22131,fail-not,99,119,1024,133,"0","0",4,"0","0",32901
19216,failnaught,69,"0",7665,82,"0","0",4,"0","0",32850
21228,falubeza,99,119,1024,119,"0","0",4,"0","0",32887
18737,fane_hexagun,75,"0",65536,92,"0","0",4,"0","0",32860
17388,fastwater_f._rod,1,"0",4194303,8,"0","0",4,"0","0",32776
18736,fay_gendawa,75,"0",1024,48,"0","0",4,"0","0",32816
17196,federation_bow,15,"0",7665,43,"0","0",4,"0","0",32811
18335,ferdinand,75,"0",1024,58,"0",1,4,"0","0",32826
19204,fiendtrapper,1,"0",4194303,"0","0","0",4,"0","0",32768
21461,filiae_bell,99,"0",1048576,113,"0","0",4,"0","0",32881
19221,firefly,5,"0",70688,59,"0","0",4,"0","0",32827
17234,flagel._crossbow,68,"0",1185,52,"0","0",4,"0","0",32820
17291,flame_boomerang,19,"0",1057,24,"0","0",4,8,"0",32792
19190,fluid_crossbow,83,"0",1024,61,"0","0",4,"0","0",32829
17345,flute,1,"0",512,65,"0","0",4,"0","0",32833
17372,flute_+1,1,"0",512,65,"0","0",4,"0","0",32833
17844,flute_+2,1,"0",512,65,"0","0",4,"0","0",32833
21485,fomalhaut,99,119,66560,"0","0","0",4,"0","0",32768
22143,fomalhaut,99,119,66560,134,"0","0",4,"0","0",32902
21237,forefront_bow,99,106,1024,34,"0","0",4,"0","0",32802
21255,forefront_bowgun,99,106,1024,117,"0","0",4,"0","0",32885
21409,forefront_flute,99,"0",512,116,"0","0",4,"0","0",32884
21287,forefront_gun,99,106,66560,57,"0","0",4,"0","0",32825
18727,fourth_gun,60,"0",1024,59,"0","0",4,"0","0",32827
17159,freeswords_bow,10,"0",7665,44,"0","0",4,"0","0",32812
17365,frenzy_fife,66,"0",512,64,"0","0",4,"0","0",32832
18347,futatokoroto,75,"0",3072,82,"0",1,4,"0","0",32850
19409,gandiva,80,"0",1024,98,"0","0",4,"0","0",32866
19468,gandiva,85,"0",1024,98,"0",1,4,"0","0",32866
19546,gandiva,90,"0",1024,98,"0",1,4,"0","0",32866
19644,gandiva,95,"0",1024,98,"0",1,4,"0","0",32866
19817,gandiva,99,"0",1024,98,"0",1,4,"0","0",32866
19865,gandiva,99,"0",1024,108,"0",1,4,"0","0",32876
21212,gandiva,99,119,1024,98,"0",1,4,"0","0",32866
21213,gandiva,99,119,1024,108,"0",1,4,"0","0",32876
22116,gandiva,99,119,1024,108,"0",1,4,"0","0",32876
22130,gandiva,99,119,1024,108,"0","0",4,"0","0",32876
18981,gastraphetes,75,"0",1024,96,"0","0",4,"0","0",32864
19001,gastraphetes,75,"0",1024,96,"0",1,4,"0","0",32864
19070,gastraphetes,80,"0",1024,96,"0",1,4,"0","0",32864
19090,gastraphetes,85,"0",1024,96,"0",1,4,"0","0",32864
19622,gastraphetes,90,"0",1024,96,"0",1,4,"0","0",32864
19720,gastraphetes,95,"0",1024,96,"0",1,4,"0","0",32864
19829,gastraphetes,99,"0",1024,96,"0",1,4,"0","0",32864
19958,gastraphetes,99,"0",1024,106,"0",1,4,"0","0",32874
21246,gastraphetes,99,119,1024,96,"0",1,4,"0","0",32864
21247,gastraphetes,99,119,1024,106,"0",1,4,"0","0",32874
21266,gastraphetes,99,119,1024,106,"0",1,4,"0","0",32874
22139,gastraphetes,99,119,1024,106,"0","0",4,"0","0",32874
17351,gemshorn,19,"0",512,71,"0","0",4,"0","0",32839
17370,gemshorn_+1,19,"0",512,71,"0","0",4,"0","0",32839
17205,gendawa,70,"0",1024,31,"0","0",4,"0","0",32799
17206,gendawa_+1,70,"0",1024,31,"0","0",4,"0","0",32799
18342,gjallarhorn,75,"0",512,84,"0","0",4,"0","0",32852
18572,gjallarhorn,99,"0",512,84,"0","0",4,"0","0",32852
18577,gjallarhorn,80,"0",512,84,"0","0",4,"0","0",32852
18578,gjallarhorn,85,"0",512,84,"0","0",4,"0","0",32852
18579,gjallarhorn,90,"0",512,84,"0","0",4,"0","0",32852
18580,gjallarhorn,95,"0",512,84,"0","0",4,"0","0",32852
18840,gjallarhorn,99,"0",512,105,"0","0",4,"0","0",32873
17385,glass_fiber_f._rod,1,"0",4194303,5,"0","0",4,"0","0",32773
17013,goldfish_basket,1,"0",4194303,12,"0","0",4,"0","0",32780
19390,goshawk,75,"0",1024,40,"0","0",4,"0","0",32808
19208,grand_crossbow,74,"0",1153,54,"0","0",4,"0","0",32822
17162,great_bow,30,"0",3265,34,"0","0",4,"0","0",32802
17180,great_bow_+1,30,"0",3265,34,"0","0",4,"0","0",32802
19207,great_cassandra,71,"0",65536,94,"0","0",4,"0","0",32862
17245,grosveneurs_bow,70,"0",1024,56,"0","0",4,"0","0",32824
22282,grudge,1,"0",4194303,28,"0","0",4,8,"0",32796
21245,guglielmos_bow,99,"0",1024,52,"0","0",4,"0","0",32820
18146,gun_of_trials,71,"0",66560,59,"0","0",4,"0","0",32827
19941,gymnogyps,99,"0",1024,40,"0","0",4,"0","0",32808
19391,gyrfalcon,75,"0",1024,47,"0","0",4,"0","0",32815
17255,hakenbuechse,6,"0",1024,59,"0","0",4,"0","0",32827
21340,halakaala,99,"0",4194303,26,"0","0",4,"0","0",32794
17015,halcyon_rod,1,"0",4194303,1,"0","0",4,"0","0",32769
17208,hamayumi,30,"0",7665,82,"0","0",4,"0","0",32850
17379,hamelin_flute,58,"0",512,64,"0","0",4,"0","0",32832
19741,handgonne,97,"0",1056,60,"0","0",4,"0","0",32828
19742,handgonne_+1,97,"0",1056,60,"0","0",4,"0","0",32828
21227,hangaku-no-yumi,99,119,3072,86,"0","0",4,"0","0",32854
17838,harlequins_horn,70,"0",512,68,"0","0",4,"0","0",32836
17354,harp,14,"0",512,78,"0","0",4,"0","0",32846
17374,harp_+1,14,"0",512,78,"0","0",4,"0","0",32846
18933,harrier,80,"0",1024,35,"0","0",4,"0","0",32803
19526,harrier_+1,85,"0",1024,35,"0","0",4,"0","0",32803
19604,harrier_+2,90,"0",1024,35,"0","0",4,"0","0",32803
19702,harrier_+3,95,"0",1024,35,"0","0",4,"0","0",32803
17220,heavy_crossbow,60,"0",1185,52,"0","0",4,"0","0",32820
17227,heavy_crossbow+1,60,"0",1185,52,"0","0",4,"0","0",32820
17251,hellfire,70,"0",1024,58,"0","0",4,"0","0",32826
17264,hellfire_+1,70,"0",1024,58,"0","0",4,"0","0",32826
17849,hellish_bugle,68,"0",512,70,"0","0",4,"0","0",32838
17850,hellish_bugle_+1,68,"0",512,70,"0","0",4,"0","0",32838
17222,hexagun,65,"0",65536,90,"0","0",4,"0","0",32858
18687,hexagun_+1,65,"0",65536,90,"0","0",4,"0","0",32858
21294,hgafircian,99,105,66560,83,"0","0",4,"0","0",32851
21286,hgafircian_+1,99,113,66560,83,"0","0",4,"0","0",32851
21279,hgafircian_+2,99,119,66560,83,"0","0",4,"0","0",32851
22134,holliday,99,119,66560,59,"0","0",4,"0","0",32827
21248,home._bowgun,99,119,1024,117,"0","0",4,"0","0",32885
21226,homestead_bow,99,119,1024,34,"0","0",4,"0","0",32802
21406,homestead_flute,99,"0",512,116,"0","0",4,"0","0",32884
21275,homestead_gun,99,119,66560,57,"0","0",4,"0","0",32825
17352,horn,40,"0",512,68,"0","0",4,"0","0",32836
17371,horn_+1,40,"0",512,68,"0","0",4,"0","0",32836
17014,hume_fishing_rod,1,"0",4194303,8,"0","0",4,"0","0",32776
17183,hunters_longbow,12,"0",1024,47,"0","0",4,"0","0",32815
19396,huracan,75,"0",66560,59,"0","0",4,"0","0",32827
17192,ifrits_bow,72,"0",7665,46,"0","0",4,"0","0",32814
21256,illapa,99,119,1024,114,"0","0",4,"0","0",32882
22120,imati,99,119,1024,62,"0","0",4,"0","0",32830
22121,imati_+1,99,119,1024,62,"0","0",4,"0","0",32830
18683,imperial_bow,70,"0",3265,33,"0","0",4,"0","0",32801
18686,imperial_gun,71,"0",1024,83,"0","0",4,"0","0",32851
18685,imperial_kaman,71,"0",7665,91,"0","0",4,"0","0",32859
21250,iqonde_cross._+1,99,118,1024,52,"0","0",4,"0","0",32820
21249,iqonde_crossbow,99,117,1024,52,"0","0",4,"0","0",32820
17853,iron_ram_horn,60,"0",512,71,"0","0",4,"0","0",32839
19261,jinx_discus,83,"0",299040,28,"0","0",4,"0","0",32796
18134,jr.msk.chakram_+1,43,"0",299040,27,"0","0",4,8,"0",32795
18135,jr.msk.chakram_+2,43,"0",299040,27,"0","0",4,8,"0",32795
17283,jr.msk._chakram,40,"0",299040,27,"0","0",4,8,"0",32795
17174,judges_bow,1,"0",4194303,40,"0","0",4,"0","0",32808
17012,judges_rod,1,"0",4194303,11,"0","0",4,"0","0",32779
22111,kaja_bow,99,119,7665,144,"0","0",4,"0","0",32912
17156,kaman,50,"0",7665,41,"0","0",4,"0","0",32809
17182,kaman_+1,50,"0",7665,41,"0","0",4,"0","0",32809
19388,kestrel,75,"0",1024,36,"0","0",4,"0","0",32804
18719,killer_bow,75,"0",1024,52,"0","0",4,"0","0",32820
17224,killer_crossbow,40,"0",1185,52,"0","0",4,"0","0",32820
19188,killer_shortbow,83,"0",7665,41,"0","0",4,"0","0",32809
17198,kingdom_bow,15,"0",3265,37,"0","0",4,"0","0",32805
17836,kingdom_horn,25,"0",512,71,"0","0",4,"0","0",32839
18693,lamiabane,70,"0",4194303,27,"0","0",4,8,"0",32795
17166,lamian_kaman,75,"0",7665,91,"0","0",4,"0","0",32859
18682,lamian_kaman_+1,75,"0",7665,91,"0","0",4,"0","0",32859
18688,lamian_kaman_-1,75,"0",7665,91,"0","0",4,"0","0",32859
17356,lamia_harp,44,"0",512,74,"0","0",4,"0","0",32842
17360,langeleik,90,"0",512,76,"0","0",4,"0","0",32844
19784,lanner_bow,97,"0",7665,46,"0","0",4,"0","0",32814
19785,lanner_bow_+1,97,"0",7665,46,"0","0",4,"0","0",32814
17236,leo_crossbow,54,"0",1185,54,"0","0",4,"0","0",32822
17237,leo_crossbow_+1,54,"0",1185,54,"0","0",4,"0","0",32822
17223,lgn._crossbow,10,"0",1185,56,"0","0",4,"0","0",32824
17240,lightning_bow,55,"0",7665,41,"0","0",4,"0","0",32809
17241,lightning_bow_+1,55,"0",7665,41,"0","0",4,"0","0",32809
18172,light_boomerang,60,"0",1057,25,"0","0",4,8,"0",32793
17216,light_crossbow,1,"0",1153,56,"0","0",4,"0","0",32824
17228,light_crossbow_+1,1,"0",1153,56,"0","0",4,"0","0",32824
21404,linos,99,"0",512,124,"0","0",4,"0","0",32892
21277,lionsquall,99,119,1024,59,"0","0",4,"0","0",32827
17232,lion_crossbow,54,"0",1185,54,"0","0",4,"0","0",32822
17160,longbow,5,"0",3265,37,"0","0",4,"0","0",32805
17177,longbow_+1,5,"0",3265,37,"0","0",4,"0","0",32805
17292,long_boomerang,33,"0",1057,25,"0","0",4,8,"0",32793
17199,loxley_bow,57,"0",1024,32,"0","0",4,"0","0",32800
19320,lu_sh._f._rod_+1,1,"0",4194303,32782,"0","0",4,"0","0",65550
17386,lu_shangs_f._rod,1,"0",4194303,11,"0","0",4,"0","0",32779
19233,lyft_crossbow,73,"0",1024,62,"0","0",4,"0","0",32830
19234,lyft_hexagun,73,"0",65536,94,"0","0",4,"0","0",32862
17233,machine_crossbow,69,"0",1024,61,"0","0",4,"0","0",32829
19394,magnatus,75,"0",66560,57,"0","0",4,"0","0",32825
21375,magneto,99,117,131072,"0","0","0",4,"0","0",32768
17249,magoichis_gun,65,"0",1024,60,"0","0",4,"0","0",32828
21258,malayo_crossbow,99,100,1024,52,"0","0",4,"0","0",32820
21259,malayo_crossbow_+1,99,101,1024,52,"0","0",4,"0","0",32820
21483,malison,99,119,65536,"0","0","0",4,"0","0",32768
21484,malison_+1,99,119,65536,"0","0","0",4,"0","0",32768
18692,mamoolbane,70,"0",4194303,27,"0","0",4,8,"0",32795
17353,maple_harp,1,"0",512,75,"0","0",4,"0","0",32843
17373,maple_harp_+1,1,"0",512,75,"0","0",4,"0","0",32843
18333,marksman_gun,75,"0",1024,58,"0","0",4,"0","0",32826
18715,marss_hexagun,30,"0",65536,93,"0","0",4,"0","0",32861
18716,marss_hexagun_+1,30,"0",65536,93,"0","0",4,"0","0",32861
21398,marsyas,99,"0",512,135,"0","0",4,"0","0",32903
17209,martial_bow,72,"0",3265,36,"0","0",4,"0","0",32804
17210,martial_gun,72,"0",66560,59,"0","0",4,"0","0",32827
22283,marvelous_cheer,1,"0",4194303,136,"0","0",4,"0","0",32904
17366,marys_horn,14,"0",512,68,"0","0",4,"0","0",32836
17363,mass_chalemie,99,"0",512,111,"0","0",4,"0","0",32879
17250,matchlock_gun,56,"0",66560,57,"0","0",4,"0","0",32825
17261,matchlock_gun_+1,56,"0",66560,57,"0","0",4,"0","0",32825
21460,matre_bell,1,"0",1048576,113,"0","0",4,"0","0",32881
18939,mayhem,80,"0",66560,59,"0","0",4,"0","0",32827
19532,mayhem_+1,85,"0",66560,59,"0","0",4,"0","0",32827
19610,mayhem_+2,90,"0",66560,59,"0","0",4,"0","0",32827
19708,mayhem_+3,95,"0",66560,59,"0","0",4,"0","0",32827
21222,mengado,99,119,7665,48,"0","0",4,"0","0",32816
21223,mengado_+1,99,119,7665,48,"0","0",4,"0","0",32816
17204,mighty_bow,70,"0",7665,46,"0","0",4,"0","0",32814
17272,military_gun,30,"0",70688,57,"0","0",4,"0","0",32825
17839,military_harp,33,"0",512,74,"0","0",4,"0","0",32842
18341,millennium_horn,75,"0",512,70,"0","0",4,"0","0",32838
22249,miracle_cheer,99,"0",512,68,"0","0",4,"0","0",32836
19732,miramar_gun,90,"0",65536,59,"0","0",4,"0","0",32827
17380,mithran_fish._rod,1,"0",4194303,"0","0","0",4,"0","0",32768
22112,mizukage-no-yumi,1,"0",4194303,140,"0","0",4,"0","0",32908
19319,mmm_fishing_rod,1,"0",4194303,1,"0","0",4,"0","0",32769
19944,mollfrith,99,"0",66560,57,"0","0",4,"0","0",32825
21283,mollfrith_-1,99,"0",66560,57,"0","0",4,"0","0",32825
19209,molybdosis,99,119,65536,97,"0","0",4,"0","0",32865
17285,moonring_blade,57,"0",299040,28,"0","0",4,8,"0",32796
17279,moonring_blade_+1,57,"0",299040,28,"0","0",4,8,"0",32796
21478,moros_cross._+1,99,118,1024,62,"0","0",4,"0","0",32830
19739,moros_crossbow,94,"0",1024,62,"0","0",4,"0","0",32830
18145,mst.cst._bow,71,"0",3265,40,"0","0",4,"0","0",32808
19218,murderer,69,"0",66560,57,"0","0",4,"0","0",32825
19187,murti_bow,85,"0",3072,86,"0","0",4,"0","0",32854
17253,musketeer_gun,50,"0",1024,57,"0","0",4,"0","0",32825
17269,musketeer_gun_+1,52,"0",1024,57,"0","0",4,"0","0",32825
17270,musketeer_gun_+2,52,"0",1024,57,"0","0",4,"0","0",32825
19224,musketoon,6,"0",70688,59,"0","0",4,"0","0",32827
19225,musketoon_+1,6,"0",70688,59,"0","0",4,"0","0",32827
17359,mythic_harp,70,"0",512,77,"0","0",4,"0","0",32845
17834,mythic_harp_+1,70,"0",512,77,"0","0",4,"0","0",32845
21348,narmar_boomerang,99,"0",1057,25,"0","0",4,"0","0",32793
17267,negoroshiki,42,"0",5120,57,"0","0",4,"0","0",32825
17268,negoroshiki_+1,42,"0",5120,57,"0","0",4,"0","0",32825
21433,neo_animator,99,119,131072,"0","0","0",4,"0","0",32768
21463,nepote_bell,99,"0",1048576,113,"0","0",4,"0","0",32881
17855,ney,82,"0",512,67,"0","0",4,"0","0",32835
21216,nibiru_bow,99,119,1024,126,"0","0",4,"0","0",32894
21273,nibiru_gun,99,119,66560,127,"0","0",4,"0","0",32895
21399,nibiru_harp,99,"0",512,128,"0","0",4,"0","0",32896
21214,nobility,99,119,1024,40,"0","0",4,"0","0",32808
19230,nous_arbalest,31,"0",1185,56,"0","0",4,"0","0",32824
19786,nurigomeyumi,97,"0",3072,82,"0","0",4,"0","0",32850
19787,nurigomeyumi_+1,97,"0",3072,82,"0","0",4,"0","0",32850
17841,nursemaids_harp,60,"0",512,76,"0","0",4,"0","0",32844
19232,octant,71,"0",1056,56,"0","0",4,"0","0",32824
17843,oliphant,40,"0",512,70,"0","0",4,"0","0",32838
21252,one-eyed,99,109,1056,61,"0","0",4,"0","0",32829
17358,oneiros_harp,88,"0",512,80,"0","0",4,"0","0",32848
19743,opprimo,97,"0",66560,58,"0","0",4,"0","0",32826
19744,opprimo_+1,97,"0",66560,58,"0","0",4,"0","0",32826
17244,othinus_bow,67,"0",1024,62,"0","0",4,"0","0",32830
21219,paloma_bow,99,119,1024,33,"0","0",4,"0","0",32801
21220,paloma_bow_+1,99,119,1024,33,"0","0",4,"0","0",32801
18343,pans_horn,86,"0",512,68,"0","0",4,"0","0",32836
18706,peacemaker,72,"0",65536,58,"0","0",4,"0","0",32826
19737,percept_bow,87,"0",1024,51,"0","0",4,"0","0",32819
18717,perdu_bow,73,"0",7665,40,"0","0",4,"0","0",32808
18718,perdu_crossbow,73,"0",1185,53,"0","0",4,"0","0",32821
21224,phaosphaelia,99,119,1024,122,"0","0",4,"0","0",32890
17191,pharaohs_bow,63,"0",7665,48,"0","0",4,"0","0",32816
17273,phineus_gun,90,"0",66560,58,"0","0",4,"0","0",32826
21232,phulax_bow,99,109,7665,38,"0","0",4,"0","0",32806
17347,piccolo,9,"0",512,66,"0","0",4,"0","0",32834
17368,piccolo_+1,9,"0",512,66,"0","0",4,"0","0",32834
17259,pirates_gun,27,"0",70688,60,"0","0",4,"0","0",32828
17260,pirates_gun_+1,27,"0",70688,60,"0","0",4,"0","0",32828
17202,platoon_bow,20,"0",7665,40,"0","0",4,"0","0",32808
18171,platoon_disc,20,"0",299040,27,"0","0",4,8,"0",32795
18170,platoon_edge,20,"0",1056,24,"0","0",4,8,"0",32792
17271,platoon_gun,20,"0",70688,59,"0","0",4,"0","0",32827
17161,power_bow,16,"0",3265,36,"0","0",4,"0","0",32804
17178,power_bow_+1,16,"0",3265,36,"0","0",4,"0","0",32804
17230,power_crossbow,25,"0",1185,62,"0","0",4,"0","0",32830
21276,pulfanxa,99,119,66560,58,"0","0",4,"0","0",32826
18573,pyf_harp,85,"0",512,78,"0","0",4,"0","0",32846
18339,pyrrhic_horn,75,"0",512,70,"0","0",4,"0","0",32838
21282,qasama_hexagun,99,109,65536,92,"0","0",4,"0","0",32860
18720,quicksilver,75,"0",65536,92,"0","0",4,"0","0",32860
22127,raetic_bow,99,119,581625,51,"0","0",4,"0",3,32819
22128,raetic_bow_+1,99,119,581625,51,"0","0",4,"0",3,32819
19260,raiders_bmrng.,84,"0",32,24,"0","0",4,"0","0",32792
17157,rapid_bow,58,"0",7665,38,"0","0",4,"0","0",32806
17189,rapid_bow_+1,58,"0",7665,38,"0","0",4,"0","0",32806
18344,relic_bow,75,"0",3072,35,"0","0",4,"0","0",32803
18332,relic_gun,75,"0",1024,58,"0","0",4,"0","0",32826
18338,relic_horn,75,"0",512,70,"0","0",4,"0","0",32838
17239,rep._crossbow,15,"0",1185,56,"0","0",4,"0","0",32824
17852,requiem_flute,72,"0",512,65,"0","0",4,"0","0",32833
19267,ribauldequin,77,"0",66560,58,"0","0",4,"0","0",32826
19268,ribauldequin_+1,77,"0",66560,58,"0","0",4,"0","0",32826
17247,rikonodo,37,"0",1185,53,"0","0",4,"0","0",32821
17286,rising_sun,68,"0",299040,26,"0","0",4,8,"0",32794
17295,rising_sun_+1,68,"0",299040,26,"0","0",4,8,"0",32794
18246,rogetsurin,15,"0",299040,28,"0","0",4,8,"0",32796
17200,rosenbogen,70,"0",7665,38,"0","0",4,"0","0",32806
17201,rosenbogen_+1,70,"0",7665,38,"0","0",4,"0","0",32806
17355,rose_harp,36,"0",512,79,"0","0",4,"0","0",32847
17376,rose_harp_+1,36,"0",512,79,"0","0",4,"0","0",32847
17221,rpt._crossbow,69,"0",1024,61,"0","0",4,"0","0",32829
17158,rune_bow,73,"0",581625,51,"0","0",4,"0","0",32819
17167,ryl.arc._longbow,10,"0",3265,37,"0","0",4,"0","0",32805
17367,ryl.spr._horn,20,"0",512,71,"0","0",4,"0","0",32839
17382,s.h._fishing_rod,1,"0",4194303,2,"0","0",4,"0","0",32770
17186,sagittarius_bow,53,"0",1024,38,"0","0",4,"0","0",32806
17197,san_dorian_bow,15,"0",3265,37,"0","0",4,"0","0",32805
17835,san_dorian_horn,25,"0",512,71,"0","0",4,"0","0",32839
17190,sarnga,59,"0",1024,32,"0","0",4,"0","0",32800
22147,scouts_crossbow,99,119,1024,52,"0","0",4,"0",4,32820
18710,seadog_gun,50,"0",70688,60,"0","0",4,"0","0",32828
18711,seadog_gun_+1,50,"0",70688,60,"0","0",4,"0","0",32828
17212,selenes_bow,60,"0",1024,36,"0","0",4,"0","0",32804
17153,self_bow,7,"0",7665,40,"0","0",4,"0","0",32808
17176,self_bow_+1,7,"0",7665,40,"0","0",4,"0","0",32808
17256,serpentine_gun,34,"0",1024,60,"0","0",4,"0","0",32828
21291,shadeshot_gun,99,100,66560,60,"0","0",4,"0","0",32828
17193,shadow_bow,34,"0",1024,43,"0","0",4,"0","0",32811
17194,shadow_bow_+1,34,"0",1024,43,"0","0",4,"0","0",32811
22149,sharanga,99,119,1024,142,"0","0",4,"0",5,32910
18703,shark_gun,60,"0",70688,57,"0","0",4,"0","0",32825
18142,shigeto_bow,71,"0",3072,82,"0","0",4,"0","0",32850
18143,shigeto_bow_+1,71,"0",3072,82,"0","0",4,"0","0",32850
17203,shikar_bow,40,"0",1024,36,"0","0",4,"0","0",32804
17362,shofar,68,"0",512,70,"0","0",4,"0","0",32838
17832,shofar_+1,68,"0",512,70,"0","0",4,"0","0",32838
17152,shortbow,1,"0",7665,50,"0","0",4,"0","0",32818
17175,shortbow_+1,1,"0",7665,50,"0","0",4,"0","0",32818
17185,siege_bow,79,"0",1024,101,"0","0",4,"0","0",32869
19206,silver_cassandra,71,"0",65536,94,"0","0",4,"0","0",32862
22153,silver_gun,1,"0",4194303,139,"0","0",4,"0","0",32907
22154,silver_gun+1,1,"0",4194303,139,"0","0",4,"0","0",32907
17346,siren_flute,23,"0",512,64,"0","0",4,"0","0",32832
18708,snakeeye,75,"0",1057,24,"0","0",4,8,"0",32792
18709,snakeeye_+1,75,"0",1057,24,"0","0",4,8,"0",32792
17188,sniping_bow,41,"0",1024,43,"0","0",4,"0","0",32811
17842,sorrowful_harp,70,"0",512,80,"0","0",4,"0","0",32848
18679,soulgauger_sgr-1,1,"0",4194303,"0","0","0",4,"0","0",32768
18721,soultrapper,1,"0",4194303,"0","0","0",4,"0","0",32768
18724,soultrapper_2000,1,"0",4194303,"0","0","0",4,"0","0",32768
19387,sparrow,75,"0",1024,37,"0","0",4,"0","0",32805
18936,sparrowhawk,80,"0",1024,37,"0","0",4,"0","0",32805
19529,sparrowhawk_+1,85,"0",1024,37,"0","0",4,"0","0",32805
19607,sparrowhawk_+2,90,"0",1024,37,"0","0",4,"0","0",32805
19705,sparrowhawk_+3,95,"0",1024,37,"0","0",4,"0","0",32805
17170,speed_bow,38,"0",7665,46,"0","0",4,"0","0",32814
21238,speleogen_bow,99,113,3072,86,"0","0",4,"0","0",32854
18938,spitfire,80,"0",66560,60,"0","0",4,"0","0",32828
19531,spitfire_+1,85,"0",66560,60,"0","0",4,"0","0",32828
19609,spitfire_+2,90,"0",66560,60,"0","0",4,"0","0",32828
19707,spitfire_+3,95,"0",66560,60,"0","0",4,"0","0",32828
17213,staurobow,74,"0",1185,62,"0","0",4,"0","0",32830
17214,staurobow_+1,74,"0",1185,62,"0","0",4,"0","0",32830
22114,steinthor,99,119,1024,51,"0","0",4,"0","0",32819
19740,stoertebeker,99,"0",65536,94,"0","0",4,"0","0",32862
17851,storm_fife,50,"0",512,67,"0","0",4,"0","0",32835
18684,storm_zamburak,70,"0",1185,55,"0","0",4,"0","0",32823
19731,suppressor_gun,90,"0",65536,60,"0","0",4,"0","0",32828
21288,surefire_arquebus,99,113,66560,59,"0","0",4,"0","0",32827
17856,syrinx,83,"0",512,65,"0","0",4,"0","0",32833
17265,tanegashima,19,"0",5120,59,"0","0",4,"0","0",32827
17266,tanegashima_+1,19,"0",5120,59,"0","0",4,"0","0",32827
17387,tarutaru_f._rod,1,"0",4194303,6,"0","0",4,"0","0",32774
22113,teller,99,119,1024,32,"0","0",4,"0","0",32800
17231,tells_crossbow,44,"0",1185,53,"0","0",4,"0","0",32821
19942,terathopus,99,"0",1024,33,"0","0",4,"0","0",32801
21407,terpander,99,"0",512,80,"0","0",4,"0","0",32848
17215,thugs_zamburak,40,"0",1185,52,"0","0",4,"0","0",32820
19392,thunderstick,75,"0",66560,59,"0","0",4,"0","0",32827
22108,tokko_bow,99,119,7665,41,"0","0",4,"0","0",32809
19231,trackers_bow,45,"0",1185,53,"0","0",4,"0","0",32821
19241,trackers_bow_+1,45,"0",1185,53,"0","0",4,"0","0",32821
17348,traversiere,32,"0",512,64,"0","0",4,"0","0",32832
17375,traversiere_+1,32,"0",512,64,"0","0",4,"0","0",32832
17845,traversiere_+2,32,"0",512,64,"0","0",4,"0","0",32832
18694,trollbane,70,"0",4194303,27,"0","0",4,8,"0",32795
21272,troll_gun,1,"0",4194303,143,"0","0",4,"0","0",32911
18702,trump_gun,40,"0",65536,90,"0","0",4,"0","0",32858
21479,tsoa._crossbow,99,119,1185,53,"0","0",4,"0","0",32821
17858,turbo_animator,40,"0",131072,"0","0","0",4,"0","0",32768
22107,ullr,99,119,7665,144,"0","0",4,"0","0",32912
18141,ungur_boomerang,70,"0",4128,25,"0","0",4,8,"0",32793
18714,valis_bow,55,"0",1024,33,"0","0",4,"0","0",32801
21284,vanir_gun,99,119,66560,60,"0","0",4,"0","0",32828
17242,velocity_bow,63,"0",1185,52,"0","0",4,"0","0",32820
17243,velocity_bow_+1,63,"0",1185,52,"0","0",4,"0","0",32820
22118,venery_bow,99,119,1024,132,"0","0",4,"0","0",32900
19235,veuglaire,74,"0",65536,90,"0","0",4,"0","0",32858
18834,vihuela,81,"0",512,78,"0","0",4,"0","0",32846
21215,vijaya_bow,99,119,1024,33,"0","0",4,"0","0",32801
19189,virtus_crossbow,85,"0",1024,62,"0","0",4,"0","0",32830
19730,vision_bow,90,"0",1024,32,"0","0",4,"0","0",32800
22133,voluspa_bow,99,119,1024,33,"0","0",4,"0","0",32801
22144,voluspa_gun,99,119,66560,59,"0","0",4,"0","0",32827
17164,war_bow,50,"0",3265,33,"0","0",4,"0","0",32801
17173,war_bow_+1,50,"0",3265,33,"0","0",4,"0","0",32801
19203,war_hoop,40,"0",262144,26,"0","0",4,8,"0",32794
17391,willow_fish._rod,1,"0",4194303,10,"0","0",4,"0","0",32778
17195,windurstian_bow,15,"0",7665,43,"0","0",4,"0","0",32811
21349,wingcutter,99,119,4128,24,"0","0",4,"0","0",32792
21350,wingcutter_+1,99,119,4128,24,"0","0",4,"0","0",32792
17281,wingedge,24,"0",4128,24,"0","0",4,8,"0",32792
17288,wingedge_+1,24,"0",4128,24,"0","0",4,8,"0",32792
22119,wochowsen,99,119,1024,56,"0","0",4,"0","0",32824
18345,wolver_bow,75,"0",3072,35,"0","0",4,"0","0",32803
17154,wrapped_bow,24,"0",7665,43,"0","0",4,"0","0",32811
17172,wrapped_bow_+1,24,"0",7665,43,"0","0",4,"0","0",32811
19222,wurger,21,"0",3265,34,"0","0",4,"0","0",32802
17293,yagudo_freezer,47,"0",1057,25,"0","0",4,8,"0",32793
17390,yew_fishing_rod,1,"0",4194303,9,"0","0",4,"0","0",32777
18348,yoichinoyumi,75,"0",3072,86,"0",1,4,"0","0",32854
18349,yoichinoyumi,80,"0",3072,86,"0",1,4,"0","0",32854
18650,yoichinoyumi,85,"0",3072,86,"0",1,4,"0","0",32854
18664,yoichinoyumi,90,"0",3072,86,"0",1,4,"0","0",32854
18678,yoichinoyumi,95,"0",3072,86,"0",1,4,"0","0",32854
19759,yoichinoyumi,99,"0",3072,86,"0",1,4,"0","0",32854
19852,yoichinoyumi,99,"0",3072,104,"0",1,4,"0","0",32872
21210,yoichinoyumi,99,119,3072,86,"0",1,4,"0","0",32854
21211,yoichinoyumi,99,119,3072,104,"0",1,4,"0","0",32872
22115,yoichinoyumi,99,119,3072,104,"0",1,4,"0","0",32872
22129,yoichinoyumi,99,119,3072,104,"0",1,4,"0","0",32872
17218,zamburak,30,"0",1185,55,"0","0",4,"0","0",32823
17229,zamburak_+1,30,"0",1185,55,"0","0",4,"0","0",32823
17246,ziskas_crossbow,71,"0",1056,61,"0","0",4,"0","0",32829
21257,zoquittihuitz,99,106,1024,114,"0","0",4,"0","0",32882